date,time,country,housing,mortgage_rate,cpi,industry,unemp,recession
1990-01-01,1,US,1551,9.9,127.5,61.729,5.4,0
1990-02-01,2,US,1437,10.2,128,62.2896,5.3,0
1990-03-01,3,US,1289,10.27,128.6,62.5999,5.2,0
1990-04-01,4,US,1248,10.37,128.9,62.4359,5.4,0
1990-05-01,5,US,1212,10.48,129.1,62.6258,5.4,0
1990-06-01,6,US,1177,10.16,129.9,62.8382,5.2,0
1990-07-01,7,US,1171,10.04,130.5,62.7284,5.5,0
1990-08-01,8,US,1115,10.1,131.6,62.9475,5.7,1
1990-09-01,9,US,1110,10.18,132.5,62.9523,5.9,1
1990-10-01,10,US,1014,10.18,133.4,62.5845,5.9,1
1990-11-01,11,US,1145,10.01,133.7,61.7887,6.2,1
1990-12-01,12,US,969,9.67,134.2,61.3352,6.3,1
1991-01-01,13,US,798,9.64,134.7,61.1355,6.4,1
1991-02-01,14,US,965,9.37,134.8,60.6838,6.6,1
1991-03-01,15,US,921,9.5,134.8,60.3346,6.8,1
1991-04-01,16,US,1001,9.49,135.1,60.4938,6.7,0
1991-05-01,17,US,996,9.47,135.6,61.0633,6.9,0
1991-06-01,18,US,1036,9.62,136,61.5581,6.9,0
1991-07-01,19,US,1063,9.58,136.2,61.7305,6.8,0
1991-08-01,20,US,1049,9.24,136.6,61.7298,6.9,0
1991-09-01,21,US,1015,9.01,137,62.2195,6.9,0
1991-10-01,22,US,1079,8.86,137.2,62.1855,7,0
1991-11-01,23,US,1103,8.71,137.8,62.0871,7,0
1991-12-01,24,US,1079,8.5,138.2,61.7852,7.3,0
1992-01-01,25,US,1176,8.43,138.3,61.4616,7.3,0
1992-02-01,26,US,1250,8.76,138.6,61.8955,7.4,0
1992-03-01,27,US,1297,8.94,139.1,62.4232,7.4,0
1992-04-01,28,US,1099,8.85,139.4,62.897,7.4,0
1992-05-01,29,US,1214,8.67,139.7,63.104,7.6,0
1992-06-01,30,US,1145,8.51,140.1,63.1363,7.8,0
1992-07-01,31,US,1139,8.13,140.5,63.7176,7.7,0
1992-08-01,32,US,1226,7.98,140.8,63.3613,7.6,0
1992-09-01,33,US,1186,7.92,141.1,63.5703,7.6,0
1992-10-01,34,US,1244,8.09,141.7,63.9995,7.3,0
1992-11-01,35,US,1214,8.31,142.1,64.2422,7.4,0
1992-12-01,36,US,1227,8.21,142.3,64.3507,7.4,0
1993-01-01,37,US,1210,7.99,142.8,64.5978,7.3,0
1993-02-01,38,US,1210,7.68,143.1,64.9089,7.1,0
1993-03-01,39,US,1083,7.5,143.3,64.8522,7,0
1993-04-01,40,US,1258,7.47,143.8,65.0301,7.1,0
1993-05-01,41,US,1260,7.47,144.2,64.784,7.1,0
1993-06-01,42,US,1280,7.42,144.3,64.9301,7,0
1993-07-01,43,US,1254,7.21,144.5,65.1052,6.9,0
1993-08-01,44,US,1300,7.11,144.8,65.0267,6.8,0
1993-09-01,45,US,1343,6.92,145,65.3717,6.7,0
1993-10-01,46,US,1392,6.83,145.6,65.8509,6.8,0
1993-11-01,47,US,1376,7.16,146,66.1518,6.6,0
1993-12-01,48,US,1533,7.17,146.3,66.5436,6.5,0
1994-01-01,49,US,1272,7.06,146.3,66.7351,6.6,0
1994-02-01,50,US,1337,7.15,146.7,66.774,6.6,0
1994-03-01,51,US,1564,7.68,147.1,67.4552,6.5,0
1994-04-01,52,US,1465,8.32,147.2,67.8541,6.4,0
1994-05-01,53,US,1526,8.6,147.5,68.1663,6.1,0
1994-06-01,54,US,1409,8.4,147.9,68.6265,6.1,0
1994-07-01,55,US,1439,8.61,148.4,68.7178,6.1,0
1994-08-01,56,US,1450,8.51,149,69.1785,6,0
1994-09-01,57,US,1474,8.64,149.3,69.3961,5.9,0
1994-10-01,58,US,1450,8.93,149.4,69.9544,5.8,0
1994-11-01,59,US,1511,9.17,149.8,70.4326,5.6,0
1994-12-01,60,US,1455,9.2,150.1,71.1523,5.5,0
1995-01-01,61,US,1407,9.15,150.5,71.2734,5.6,0
1995-02-01,62,US,1316,8.83,150.9,71.193,5.4,0
1995-03-01,63,US,1249,8.46,151.2,71.3113,5.4,0
1995-04-01,64,US,1267,8.32,151.8,71.1882,5.8,0
1995-05-01,65,US,1314,7.96,152.1,71.5378,5.6,0
1995-06-01,66,US,1281,7.57,152.4,71.7749,5.6,0
1995-07-01,67,US,1461,7.61,152.6,71.4748,5.7,0
1995-08-01,68,US,1416,7.86,152.9,72.4223,5.7,0
1995-09-01,69,US,1369,7.64,153.1,72.7144,5.6,0
1995-10-01,70,US,1369,7.48,153.5,72.5866,5.5,0
1995-11-01,71,US,1452,7.38,153.7,72.7779,5.6,0
1995-12-01,72,US,1431,7.2,153.9,73.0305,5.6,0
1996-01-01,73,US,1467,7.03,154.7,72.6125,5.6,0
1996-02-01,74,US,1491,7.08,155,73.6752,5.5,0
1996-03-01,75,US,1424,7.62,155.5,73.585,5.5,0
1996-04-01,76,US,1516,7.93,156.1,74.3172,5.6,0
1996-05-01,77,US,1504,8.07,156.4,74.8726,5.6,0
1996-06-01,78,US,1467,8.32,156.7,75.4433,5.3,0
1996-07-01,79,US,1472,8.25,157,75.4549,5.5,0
1996-08-01,80,US,1557,8,157.2,75.8411,5.1,0
1996-09-01,81,US,1475,8.23,157.7,76.3158,5.2,0
1996-10-01,82,US,1392,7.92,158.2,76.3384,5.2,0
1996-11-01,83,US,1489,7.62,158.7,77.0397,5.4,0
1996-12-01,84,US,1370,7.6,159.1,77.5333,5.4,0
1997-01-01,85,US,1355,7.82,159.4,77.6562,5.3,0
1997-02-01,86,US,1486,7.65,159.7,78.5833,5.2,0
1997-03-01,87,US,1457,7.9,159.8,79.082,5.2,0
1997-04-01,88,US,1492,8.14,159.9,79.1747,5.1,0
1997-05-01,89,US,1442,7.94,159.9,79.6133,4.9,0
1997-06-01,90,US,1494,7.69,160.2,79.9792,5,0
1997-07-01,91,US,1437,7.5,160.4,80.6624,4.9,0
1997-08-01,92,US,1390,7.48,160.8,81.4694,4.8,0
1997-09-01,93,US,1546,7.43,161.2,82.2156,4.9,0
1997-10-01,94,US,1520,7.29,161.5,82.9446,4.7,0
1997-11-01,95,US,1510,7.21,161.7,83.5978,4.6,0
1997-12-01,96,US,1566,7.1,161.8,83.9538,4.7,0
1998-01-01,97,US,1525,6.99,162,84.3218,4.6,0
1998-02-01,98,US,1584,7.04,162,84.4583,4.6,0
1998-03-01,99,US,1567,7.13,162,84.488,4.7,0
1998-04-01,100,US,1540,7.14,162.2,84.7779,4.3,0
1998-05-01,101,US,1536,7.14,162.6,85.3367,4.4,0
1998-06-01,102,US,1641,7,162.8,84.8248,4.5,0
1998-07-01,103,US,1698,6.95,163.2,84.4986,4.5,0
1998-08-01,104,US,1614,6.92,163.4,86.248,4.5,0
1998-09-01,105,US,1582,6.72,163.5,86.2021,4.6,0
1998-10-01,106,US,1715,6.71,163.9,86.7914,4.5,0
1998-11-01,107,US,1660,6.87,164.1,86.7256,4.4,0
1998-12-01,108,US,1792,6.74,164.4,87.1185,4.4,0
1999-01-01,109,US,1748,6.79,164.7,87.4949,4.3,0
1999-02-01,110,US,1670,6.81,164.7,88.027,4.4,0
1999-03-01,111,US,1710,7.04,164.8,88.2267,4.2,0
1999-04-01,112,US,1553,6.92,165.9,88.4295,4.3,0
1999-05-01,113,US,1611,7.15,166,88.9886,4.2,0
1999-06-01,114,US,1559,7.55,166,88.9188,4.3,0
1999-07-01,115,US,1669,7.63,166.7,89.4333,4.3,0
1999-08-01,116,US,1648,7.94,167.1,89.7924,4.2,0
1999-09-01,117,US,1635,7.82,167.8,89.4299,4.2,0
1999-10-01,118,US,1608,7.85,168.1,90.523,4.1,0
1999-11-01,119,US,1648,7.74,168.4,90.9618,4.1,0
1999-12-01,120,US,1708,7.91,168.8,91.6634,4,0
2000-01-01,121,US,1636,8.21,169.3,91.538,4,0
2000-02-01,122,US,1737,8.33,170,91.8239,4.1,0
2000-03-01,123,US,1604,8.24,171,92.1504,4,0
2000-04-01,124,US,1626,8.15,170.9,92.6989,3.8,0
2000-05-01,125,US,1575,8.52,171.2,92.9499,4,0
2000-06-01,126,US,1559,8.29,172.2,92.9862,4,0
2000-07-01,127,US,1463,8.15,172.7,92.8048,4,0
2000-08-01,128,US,1541,8.03,172.7,92.5521,4.1,0
2000-09-01,129,US,1507,7.91,173.6,92.9792,3.9,0
2000-10-01,130,US,1549,7.8,173.9,92.6179,3.9,0
2000-11-01,131,US,1551,7.75,174.2,92.6438,3.9,0
2000-12-01,132,US,1532,7.38,174.6,92.3415,3.9,0
2001-01-01,133,US,1600,7.03,175.6,91.902,4.2,0
2001-02-01,134,US,1625,7.05,176,91.3034,4.2,0
2001-03-01,135,US,1590,6.95,176.1,91.1162,4.3,0
2001-04-01,136,US,1649,7.08,176.4,90.7891,4.4,1
2001-05-01,137,US,1605,7.15,177.3,90.3555,4.3,1
2001-06-01,138,US,1636,7.16,177.7,89.8784,4.5,1
2001-07-01,139,US,1670,7.13,177.4,89.3028,4.6,1
2001-08-01,140,US,1567,6.95,177.4,89.2003,4.9,1
2001-09-01,141,US,1562,6.82,178.1,88.7485,5,1
2001-10-01,142,US,1540,6.62,177.6,88.5052,5.3,1
2001-11-01,143,US,1602,6.66,177.5,87.97,5.5,1
2001-12-01,144,US,1568,7.07,177.4,87.9324,5.7,0
2002-01-01,145,US,1698,7,177.7,88.5176,5.7,0
2002-02-01,146,US,1829,6.89,178,88.5278,5.7,0
2002-03-01,147,US,1642,7.01,178.5,89.1686,5.7,0
2002-04-01,148,US,1592,6.99,179.3,89.604,5.9,0
2002-05-01,149,US,1764,6.81,179.5,89.964,5.8,0
2002-06-01,150,US,1717,6.65,179.6,90.7061,5.8,0
2002-07-01,151,US,1655,6.49,180,90.6769,5.8,0
2002-08-01,152,US,1633,6.29,180.5,90.5762,5.7,0
2002-09-01,153,US,1804,6.09,180.8,90.6531,5.7,0
2002-10-01,154,US,1648,6.11,181.2,90.4643,5.7,0
2002-11-01,155,US,1753,6.07,181.5,90.9711,5.9,0
2002-12-01,156,US,1788,6.05,181.8,90.4652,6,0
2003-01-01,157,US,1853,5.92,182.6,91.2361,5.8,0
2003-02-01,158,US,1629,5.84,183.6,91.3445,5.9,0
2003-03-01,159,US,1726,5.75,183.9,91.1044,5.9,0
2003-04-01,160,US,1643,5.81,183.2,90.5617,6,0
2003-05-01,161,US,1751,5.48,182.9,90.537,6.1,0
2003-06-01,162,US,1867,5.23,183.1,90.6527,6.3,0
2003-07-01,163,US,1897,5.63,183.7,91.1185,6.2,0
2003-08-01,164,US,1833,6.26,184.5,90.9197,6.1,0
2003-09-01,165,US,1939,6.15,185.1,91.5059,6.1,0
2003-10-01,166,US,1967,5.95,184.9,91.6186,6,0
2003-11-01,167,US,2083,5.93,185,92.2329,5.8,0
2003-12-01,168,US,2057,5.88,185.5,92.2602,5.7,0
2004-01-01,169,US,1911,5.71,186.3,92.4006,5.7,0
2004-02-01,170,US,1846,5.64,186.7,92.958,5.6,0
2004-03-01,171,US,1998,5.45,187.1,92.5861,5.8,0
2004-04-01,172,US,2003,5.83,187.4,92.93,5.6,0
2004-05-01,173,US,1981,6.27,188.2,93.6013,5.6,0
2004-06-01,174,US,1828,6.29,188.9,92.871,5.6,0
2004-07-01,175,US,2002,6.06,189.1,93.5649,5.5,0
2004-08-01,176,US,2024,5.87,189.2,93.6277,5.4,0
2004-09-01,177,US,1905,5.75,189.8,93.7467,5.4,0
2004-10-01,178,US,2072,5.72,190.8,94.5465,5.5,0
2004-11-01,179,US,1782,5.73,191.7,94.7813,5.4,0
2004-12-01,180,US,2042,5.75,191.7,95.5365,5.4,0
2005-01-01,181,US,2144,5.71,191.6,95.8801,5.3,0
2005-02-01,182,US,2207,5.63,192.4,96.5761,5.4,0
2005-03-01,183,US,1864,5.93,193.1,96.4456,5.2,0
2005-04-01,184,US,2061,5.86,193.7,96.6532,5.2,0
2005-05-01,185,US,2025,5.72,193.6,96.7402,5.1,0
2005-06-01,186,US,2068,5.58,193.7,97.1753,5,0
2005-07-01,187,US,2054,5.7,194.9,96.8676,5,0
2005-08-01,188,US,2095,5.82,196.1,97.1833,4.9,0
2005-09-01,189,US,2151,5.77,198.8,95.3005,5,0
2005-10-01,190,US,2065,6.07,199.1,96.4572,5,0
2005-11-01,191,US,2147,6.33,198.1,97.5414,5,0
2005-12-01,192,US,1994,6.27,198.1,98.0452,4.9,0
2006-01-01,193,US,2273,6.15,199.3,98.1999,4.7,0
2006-02-01,194,US,2119,6.25,199.4,98.2413,4.8,0
2006-03-01,195,US,1969,6.32,199.7,98.4628,4.7,0
2006-04-01,196,US,1821,6.51,200.7,98.7618,4.7,0
2006-05-01,197,US,1942,6.6,201.3,98.7869,4.6,0
2006-06-01,198,US,1802,6.68,201.8,99.0997,4.6,0
2006-07-01,199,US,1737,6.76,202.9,99.0489,4.7,0
2006-08-01,200,US,1650,6.52,203.8,99.4836,4.7,0
2006-09-01,201,US,1720,6.4,202.8,99.3183,4.5,0
2006-10-01,202,US,1491,6.36,201.9,99.2044,4.4,0
2006-11-01,203,US,1570,6.24,202,99.1627,4.5,0
2006-12-01,204,US,1649,6.14,203.1,100.1735,4.4,0
2007-01-01,205,US,1409,6.22,203.437,99.8346,4.6,0
2007-02-01,206,US,1480,6.29,204.226,100.7753,4.5,0
2007-03-01,207,US,1495,6.16,205.288,100.9547,4.4,0
2007-04-01,208,US,1490,6.18,205.904,101.6334,4.5,0
2007-05-01,209,US,1415,6.26,206.755,101.7306,4.4,0
2007-06-01,210,US,1448,6.66,207.234,101.7893,4.6,0
2007-07-01,211,US,1354,6.7,207.603,101.6672,4.7,0
2007-08-01,212,US,1330,6.57,207.667,101.863,4.6,0
2007-09-01,213,US,1183,6.38,208.547,102.0894,4.7,0
2007-10-01,214,US,1264,6.38,209.19,101.8015,4.7,0
2007-11-01,215,US,1197,6.21,210.834,102.3446,4.7,0
2007-12-01,216,US,1037,6.1,211.445,102.3803,5,0
2008-01-01,217,US,1084,5.76,212.174,102.2448,5,1
2008-02-01,218,US,1103,5.92,212.687,101.8438,4.9,1
2008-03-01,219,US,1005,5.97,213.448,101.5336,5.1,1
2008-04-01,220,US,1013,5.92,213.942,100.8785,5,1
2008-05-01,221,US,973,6.04,215.208,100.2674,5.4,1
2008-06-01,222,US,1046,6.32,217.463,100.0335,5.6,1
2008-07-01,223,US,923,6.43,219.016,99.676,5.8,1
2008-08-01,224,US,844,6.48,218.69,98.1111,6.1,1
2008-09-01,225,US,820,6.04,218.877,93.7895,6.1,1
2008-10-01,226,US,777,6.2,216.995,94.7219,6.5,1
2008-11-01,227,US,652,6.09,213.153,93.4715,6.8,1
2008-12-01,228,US,560,5.29,211.398,90.8357,7.3,1
2009-01-01,229,US,490,5.05,211.933,88.57,7.8,1
2009-02-01,230,US,582,5.13,212.705,88.031,8.3,1
2009-03-01,231,US,505,5,212.495,86.6528,8.7,1
2009-04-01,232,US,478,4.81,212.709,85.9344,9,1
2009-05-01,233,US,540,4.86,213.022,85.0665,9.4,1
2009-06-01,234,US,585,5.42,214.79,84.7459,9.5,1
2009-07-01,235,US,594,5.22,214.726,85.7027,9.5,0
2009-08-01,236,US,586,5.19,215.445,86.6426,9.6,0
2009-09-01,237,US,585,5.06,215.861,87.4063,9.8,0
2009-10-01,238,US,534,4.95,216.509,87.6419,10,0
2009-11-01,239,US,588,4.88,217.234,88.0221,9.9,0
2009-12-01,240,US,581,4.93,217.347,88.3793,9.9,0
2010-01-01,241,US,614,5.03,217.488,89.3426,9.8,0
2010-02-01,242,US,604,4.99,217.281,89.6779,9.8,0
2010-03-01,243,US,636,4.97,217.353,90.2928,9.9,0
2010-04-01,244,US,687,5.1,217.403,90.5991,9.9,0
2010-05-01,245,US,583,4.89,217.29,91.823,9.6,0
2010-06-01,246,US,536,4.74,217.199,91.9928,9.4,0
2010-07-01,247,US,546,4.56,217.605,92.3421,9.4,0
2010-08-01,248,US,599,4.43,217.923,92.6805,9.5,0
2010-09-01,249,US,594,4.35,218.275,92.9537,9.5,0
2010-10-01,250,US,543,4.23,219.035,92.6903,9.4,0
2010-11-01,251,US,545,4.3,219.59,92.7709,9.8,0
2010-12-01,252,US,539,4.71,220.472,93.6787,9.3,0
2011-01-01,253,US,630,4.76,221.187,93.4814,9.1,0
2011-02-01,254,US,517,4.95,221.898,93.1102,9,0
2011-03-01,255,US,600,4.84,223.046,94.0788,9,0
2011-04-01,256,US,554,4.84,224.093,93.7749,9.1,0
2011-05-01,257,US,561,4.64,224.806,93.888,9,0
2011-06-01,258,US,608,4.51,224.806,94.172,9.1,0
2011-07-01,259,US,623,4.55,225.395,94.636,9,0
2011-08-01,260,US,585,4.27,226.106,95.2749,9,0
2011-09-01,261,US,650,4.11,226.597,95.1961,9,0
2011-10-01,262,US,610,4.07,226.75,95.8568,8.8,0
2011-11-01,263,US,711,3.99,227.169,95.8485,8.6,0
2011-12-01,264,US,694,3.96,227.223,96.3571,8.5,0
2012-01-01,265,US,723,3.92,227.842,96.9318,8.3,0
2012-02-01,266,US,704,3.89,228.329,97.2435,8.3,0
2012-03-01,267,US,695,3.95,228.807,96.74,8.2,0
2012-04-01,268,US,753,3.91,229.187,97.4359,8.2,0
2012-05-01,269,US,708,3.8,228.713,97.6609,8.2,0
2012-06-01,270,US,757,3.68,228.524,97.6663,8.2,0
2012-07-01,271,US,740,3.55,228.59,97.8713,8.2,0
2012-08-01,272,US,754,3.6,229.918,97.4525,8.1,0
2012-09-01,273,US,847,3.5,231.015,97.381,7.8,0
2012-10-01,274,US,915,3.38,231.638,97.7193,7.8,0
2012-11-01,275,US,833,3.35,231.249,98.0777,7.7,0
2012-12-01,276,US,976,3.35,231.221,98.3101,7.9,0
2013-01-01,277,US,888,3.41,231.679,98.3342,8,0
2013-02-01,278,US,962,3.53,232.937,98.7941,7.7,0
2013-03-01,279,US,1010,3.57,232.282,99.1921,7.5,0
2013-04-01,280,US,835,3.45,231.797,99.1065,7.6,0
2013-05-01,281,US,930,3.54,231.893,99.1839,7.5,0
2013-06-01,282,US,839,4.07,232.445,99.3897,7.5,0
2013-07-01,283,US,880,4.37,232.9,99.0814,7.3,0
2013-08-01,284,US,917,4.46,233.456,99.6543,7.2,0
2013-09-01,285,US,850,4.49,233.544,100.161,7.2,0
2013-10-01,286,US,925,4.19,233.669,100.082,7.2,0
2013-11-01,287,US,1100,4.26,234.1,100.3158,6.9,0
2013-12-01,288,US,1002,4.46,234.719,100.5175,6.7,0
2014-01-01,289,US,888,4.43,235.288,100.1599,6.6,0
2014-02-01,290,US,944,4.3,235.547,100.9168,6.7,0
2014-03-01,291,US,970,4.34,236.028,101.8942,6.7,0
2014-04-01,292,US,1043,4.34,236.468,101.9928,6.2,0
2014-05-01,293,US,1007,4.19,236.918,102.3836,6.3,0
2014-06-01,294,US,911,4.16,237.231,102.735,6.1,0
2014-07-01,295,US,1085,4.13,237.498,102.9632,6.2,0
2014-08-01,296,US,984,4.12,237.46,102.7688,6.1,0
2014-09-01,297,US,1023,4.16,237.477,103.0641,5.9,0
2014-10-01,298,US,1074,4.04,237.43,103.0764,5.7,0
2014-11-01,299,US,1001,4,236.983,103.7126,5.8,0
2014-12-01,300,US,1073,3.86,236.252,103.7044,5.6,0
2015-01-01,301,US,1085,3.67,234.747,102.8905,5.7,0
2015-02-01,302,US,886,3.71,235.342,102.2335,5.5,0
2015-03-01,303,US,960,3.77,235.976,101.8914,5.4,0
2015-04-01,304,US,1190,3.67,236.222,101.3355,5.4,0
2015-05-01,305,US,1079,3.84,237.001,100.8883,5.6,0
2015-06-01,306,US,1205,3.98,237.657,100.571,5.3,0
2015-07-01,307,US,1146,4.05,238.034,101.2228,5.2,0
2015-08-01,308,US,1130,3.91,238.033,101.0367,5.1,0
2015-09-01,309,US,1224,3.89,237.498,100.7547,5,0
2015-10-01,310,US,1058,3.8,237.733,100.2675,5,0
2015-11-01,311,US,1172,3.94,238.017,99.5298,5.1,0
2015-12-01,312,US,1146,3.96,237.761,99.0417,5,0
2016-01-01,313,US,1092,3.87,237.652,99.5607,4.8,0
2016-02-01,314,US,1225,3.66,237.336,99.0445,4.9,0
2016-03-01,315,US,1111,3.69,238.08,98.3096,5,0
2016-04-01,316,US,1163,3.61,238.992,98.6421,5.1,0
2016-05-01,317,US,1148,3.6,239.557,98.4184,4.8,0
2016-06-01,318,US,1203,3.57,240.222,98.8833,4.9,0
2016-07-01,319,US,1239,3.44,240.101,98.9992,4.8,0
2016-08-01,320,US,1171,3.44,240.545,98.85,4.9,0
2016-09-01,321,US,1068,3.46,241.176,98.7457,5,0
2016-10-01,322,US,1313,3.47,241.741,98.7611,4.9,0
2016-11-01,323,US,1140,3.77,242.026,98.3491,4.7,0
2016-12-01,324,US,1252,4.2,242.637,99.0214,4.7,0
2017-01-01,325,US,1190,4.15,243.618,98.7611,4.7,0
2017-02-01,326,US,1271,4.17,244.006,98.3646,4.6,0
2017-03-01,327,US,1190,4.2,243.892,99.0137,4.4,0
2017-04-01,328,US,1146,4.05,244.193,100.0224,4.4,0
2017-05-01,329,US,1157,4.01,244.004,100.1408,4.4,0
2017-06-01,330,US,1249,3.9,244.163,100.3471,4.3,0
2017-07-01,331,US,1206,3.97,244.243,100.1068,4.3,0
2017-08-01,332,US,1159,3.88,245.183,99.6925,4.4,0
2017-09-01,333,US,1181,3.81,246.435,99.7954,4.3,0
2017-10-01,334,US,1257,3.9,246.626,101.0247,4.2,0
2017-11-01,335,US,1273,3.92,247.284,101.2664,4.2,0
2017-12-01,336,US,1177,3.95,247.805,101.4644,4.1,0
2018-01-01,337,US,1299,4.03,248.859,101.4625,4,0
2018-02-01,338,US,1277,4.33,249.529,101.7085,4.1,0
2018-03-01,339,US,1318,4.44,249.577,102.2067,4,0
2018-04-01,340,US,1276,4.47,250.227,103.3329,4,0
2018-05-01,341,US,1357,4.59,250.792,102.4024,3.8,0
2018-06-01,342,US,1192,4.57,251.018,103.198,4,0
2018-07-01,343,US,1208,4.53,251.214,103.3646,3.8,0
2018-08-01,344,US,1288,4.55,251.663,104.0327,3.8,0
2018-09-01,345,US,1250,4.63,252.182,104.1004,3.7,0
2018-10-01,346,US,1221,4.83,252.772,103.9856,3.8,0
2018-11-01,347,US,1181,4.87,252.594,104.0681,3.8,0
2018-12-01,348,US,1095,4.64,252.767,104.0936,3.9,0
2019-01-01,349,US,1226,4.46,252.561,103.4021,4,0
2019-02-01,350,US,1121,4.37,253.319,102.8371,3.8,0
2019-03-01,351,US,1191,4.27,254.277,102.8757,3.8,0
2019-04-01,352,US,1272,4.14,255.233,102.274,3.7,0
2019-05-01,353,US,1293,4.07,255.296,102.392,3.6,0
2019-06-01,354,US,1243,3.8,255.213,102.4375,3.6,0
2019-07-01,355,US,1240,3.77,255.802,101.9408,3.7,0
2019-08-01,356,US,1375,3.62,256.036,102.639,3.6,0
2019-09-01,357,US,1311,3.61,256.43,102.2917,3.5,0
2019-10-01,358,US,1325,3.69,257.155,101.4281,3.6,0
2019-11-01,359,US,1353,3.7,257.879,101.9372,3.6,0
2019-12-01,360,US,1548,3.72,258.63,101.7003,3.6,0
2020-01-01,361,US,1581,3.62,259.127,101.0338,3.6,0
2020-02-01,362,US,1549,3.47,259.25,101.3735,3.5,0
2020-03-01,363,US,1266,3.45,258.076,97.4078,4.4,1
2020-04-01,364,US,936,3.31,256.032,84.5619,14.8,1
2020-05-01,365,US,1039,3.23,255.802,85.9604,13.2,0
2020-06-01,366,US,1266,3.16,257.042,91.5934,11,0
2020-07-01,367,US,1526,3.02,258.352,95.0256,10.2,0
2020-08-01,368,US,1396,2.94,259.316,95.9549,8.4,0
2020-09-01,369,US,1473,2.89,259.997,95.9669,7.8,0
2020-10-01,370,US,1543,2.83,260.319,96.7394,6.9,0
2020-11-01,371,US,1543,2.77,260.911,97.0816,6.7,0
2020-12-01,372,US,1614,2.68,262.045,98.363,6.7,0
2021-01-01,373,US,1630,2.74,262.687,98.8822,6.4,0
2021-02-01,374,US,1404,2.81,263.579,95.6149,6.2,0
2021-03-01,375,US,1696,3.08,264.961,98.3856,6.1,0
2021-04-01,376,US,1495,3.06,266.614,98.5587,6.1,0
2021-05-01,377,US,1589,2.96,268.383,99.4333,5.8,0
2021-06-01,378,US,1650,2.98,270.654,99.7987,5.9,0
2021-07-01,379,US,1597,2.87,271.903,100.2519,5.4,0
2021-08-01,380,US,1594,2.84,272.676,100.0437,5.1,0
2021-09-01,381,US,1577,2.9,273.91,98.8579,4.7,0
2021-10-01,382,US,1579,3.07,276.55,100.1861,4.5,0
2021-11-01,383,US,1705,3.07,278.919,100.8654,4.1,0
2021-12-01,384,US,1722,3.1,280.845,100.5726,3.9,0
2022-01-01,385,US,1702,3.45,282.543,100.1856,4,0
2022-02-01,386,US,1735,3.76,284.5,100.8064,3.9,0
2022-03-01,387,US,1712,4.17,287.674,101.3907,3.7,0
2022-04-01,388,US,1820,4.98,288.561,101.44,3.7,0
2022-05-01,389,US,1531,5.23,291.298,101.3335,3.6,0
2022-06-01,390,US,1551,5.52,294.957,101.018,3.6,0
2022-07-01,391,US,1381,5.41,294.913,101.223,3.5,0
2022-08-01,392,US,1531,5.22,295.097,101.0963,3.6,0
2022-09-01,393,US,1488,6.11,296.349,101.2918,3.5,0
2022-10-01,394,US,1435,6.9,298.007,101.2529,3.6,0
2022-11-01,395,US,1424,6.81,298.786,100.9552,3.6,0
2022-12-01,396,US,1308,6.36,298.832,99.7664,3.5,0
2023-01-01,397,US,1361,6.27,300.42,100.505,3.5,0
2023-02-01,398,US,1399,6.26,301.45,100.6416,3.6,0
2023-03-01,399,US,1377,6.54,301.821,101.0205,3.5,0
2023-04-01,400,US,1354,6.34,302.845,101.253,3.4,0
2023-05-01,401,US,1584,6.43,303.334,100.9286,3.6,0
2023-06-01,402,US,1421,6.71,304.014,100.1196,3.6,0
2023-07-01,403,US,1460,6.84,304.609,100.9067,3.5,0
2023-08-01,404,US,1317,7.07,306.082,100.8393,3.7,0
2023-09-01,405,US,1371,7.2,307.276,101.0211,3.7,0
2023-10-01,406,US,1368,7.62,307.696,100.4689,3.9,0
2023-11-01,407,US,1514,7.44,308.148,100.8639,3.7,0
2023-12-01,408,US,1521,6.82,308.741,100.6031,3.8,0
2024-01-01,409,US,1381,6.64,309.698,99.2223,3.7,0
2024-02-01,410,US,1552,6.78,310.967,100.285,3.9,0
2024-03-01,411,US,1312,6.82,312.345,100.4575,3.9,0
2024-04-01,412,US,1385,6.99,313.023,100.2434,3.9,0
2024-05-01,413,US,1316,7.06,313.175,100.863,3.9,0
2024-06-01,414,US,1327,6.92,313.044,100.894,4.1,0
2024-07-01,415,US,1265,6.85,313.569,99.9757,4.2,0
2024-08-01,416,US,1391,6.5,314.062,100.4309,4.2,0
2024-09-01,417,US,1357,6.18,314.732,99.8084,4.1,0
2024-10-01,418,US,1352,6.43,315.631,99.4695,4.1,0
2024-11-01,419,US,1295,6.81,316.528,99.2925,4.2,0
2024-12-01,420,US,1514,6.72,317.604,100.3273,4.1,0
2025-01-01,421,US,1358,6.96,318.961,100.0647,4,0
2025-02-01,422,US,1490,6.84,319.679,101.0993,4.2,0
2025-03-01,423,US,1355,6.65,319.785,101.0404,4.2,0
2025-04-01,424,US,1398,6.73,320.302,101.1279,4.2,0
2025-05-01,425,US,1282,6.82,320.62,100.9655,4.3,0
2025-06-01,426,US,1382,6.82,321.435,101.4785,4.1,0
2025-07-01,427,US,1420,6.72,322.169,101.894,4.3,0
2025-08-01,428,US,1291,6.59,323.291,101.6247,4.3,0
2025-09-01,429,US,1328,6.35,324.245,101.668,4.4,0
2025-10-01,430,US,1272,6.25,,101.2195,,0
2025-11-01,431,US,1324,6.24,325.063,101.0344,4.5,0
2025-12-01,432,US,1373,6.19,326.031,101.5203,4.4,0
